GSTIN of supplier,Trade/Legal name,Invoice number,Invoice type,Invoice Date,Invoice Value(₹),Place of supply,Supply Attract Reverse Charge,Rate(%),Taxable Value (₹),Integrated Tax(₹),Central Tax(₹),State/UT Tax(₹),Cess(₹),GSTR-1/IFF/GSTR-5 Period,GSTR-1/IFF/GSTR-5 Filing Date,ITC Availability,Reason,Applicable % of Tax Rate,Source,IRN,IRN Date,
07AAJCA9880A1ZL,AMAZON WEB SERVICES INDIA PRIVATE LIMITED,AIN2223002926993,Regular,02/01/2023,828041.56,Delhi,No,18,701730.14,0.00,63155.71,63155.71,0.00,Jan'23,10/02/2023,Yes,,100%,E-Invoice,00662f9a078340fbaa2e2da8a77ff5038bb4ae204830db4f3f459d09d55027ce,02/01/2023,
07AAJCA9880A1ZL,AMAZON WEB SERVICES INDIA PRIVATE LIMITED,AIN2223003070485,Regular,03/01/2023,280860.07,Delhi,No,18,238017.01,0.00,21421.53,21421.53,0.00,Jan'23,10/02/2023,Yes,,100%,E-Invoice,2b49ee393af239058447d99397ee16b23d92e7a2341316bb8852ea02ca516748,03/01/2023,
06AABCF5150G1ZZ,FACEBOOK INDIA ONLINE SERVICES PRIVATE LIMITED,2380242437,Regular,01/01/2023,282819.71,Delhi,No,18,239677.72,43141.99,0.00,0.00,0.00,Jan'23,10/02/2023,Yes,,100%,E-Invoice,92f17e294a2d0d1c9e36ecdc08aac944a8c96df5568bfc249ddffa6ba79b9bfa,02/01/2023,
29CFFPK4980K1ZU,AUTOMATE SMB ENTERPRISES,INV1191,Regular,09/01/2023,424.80,Delhi,No,18,360.00,64.80,0.00,0.00,0.00,Jan'23,09/02/2023,Yes,,100%,,,,khushboo
07AAXCS3963N1ZA,SPONSIFYME TECHNOLOGIES PRIVATE LIMITED,EL-6292,Regular,30/01/2023,6488.82,Uttar Pradesh,No,18,5499.00,989.82,0.00,0.00,0.00,Jan'23,11/02/2023,Yes,,100%,,,,Bills available but place of supply is up and gst no. is delhi
27AAGCT2085F1ZA,TECHNOOYSTER PRIVATE LIMITED,2999,Regular,09/11/2022,684.00,Delhi,No,18,580.00,104.40,0.00,0.00,0.00,Dec'22,31/01/2023,Yes,,100%,,,,
06AAECH7940R1ZX,HOLISTIK DIGITAL SOLUTIONS PRIVATE LIMITED,2022-23/46,Regular,03/01/2023,118000.00,Delhi,No,18,100000.00,18000.00,0.00,0.00,0.00,Jan'23,08/02/2023,Yes,,100%,,,,
07AAECN3926D2ZN,NXTRA DATA LIMITED,FBND0723B1204,Regular,23/01/2023,61792.67,Delhi,No,18,52366.67,0.00,4713.00,4713.00,0.00,Jan'23,09/02/2023,Yes,,100%,,,,
07AAECN3926D2ZN,NXTRA DATA LIMITED,FBND0723B1205,Regular,23/01/2023,5034.67,Delhi,No,18,4266.67,0.00,384.00,384.00,0.00,Jan'23,09/02/2023,Yes,,100%,,,,
07AAECN3926D2ZN,NXTRA DATA LIMITED,FBND0723B1206,Regular,23/01/2023,4867.50,Delhi,No,18,4125.00,0.00,371.25,371.25,0.00,Jan'23,09/02/2023,Yes,,100%,,,,
07AAECN3926D2ZN,NXTRA DATA LIMITED,FBND0723B1207,Regular,23/01/2023,3709.44,Delhi,No,18,3143.60,0.00,282.92,282.92,0.00,Jan'23,09/02/2023,Yes,,100%,,,,
07AAECN3926D2ZN,NXTRA DATA LIMITED,FBND0723B1208,Regular,23/01/2023,4833.07,Delhi,No,18,4095.83,0.00,368.62,368.62,0.00,Jan'23,09/02/2023,Yes,,100%,,,,
07AAFFE9506N1Z1,ENQODLE,ENQINV-100687,Regular,09/12/2022,4425.00,Delhi,No,18,3750.00,0.00,337.50,337.50,0.00,Dec'22,16/01/2023,Yes,,100%,,,,
24AACCI3501P1ZN,INFIBEAM AVENUES LIMITED,IA0120230000667,Regular,31/01/2023,122478.04,Delhi,No,18,103794.95,18683.09,0.00,0.00,0.00,Jan'23,10/02/2023,Yes,,100%,E-Invoice,8172a62894230c58807837b77e61404637b2739946191cef2ee8dd92d0fbe6fc,03/02/2023,
09JZYPS8040A1ZN,TECHNO ACTIVE,1332,Regular,15/01/2023,1768.82,Delhi,No,18,1499.00,269.82,0.00,0.00,0.00,Jan'23,10/02/2023,Yes,,100%,,,,
06AAMFT8352J1ZN,TRUECALLER INTERNATIONAL LLP,1440622230733,Regular,13/01/2023,113053.44,Delhi,No,18,95808.00,17245.44,0.00,0.00,0.00,Jan'23,11/02/2023,Yes,,100%,,,,
27AAOFN7392N1Z9,NEXTGENT INFRATECH SOLUTIONS LLP,NXG/11/22/92,Regular,20/12/2022,137288.28,Delhi,No,18,116346.00,20942.28,0.00,0.00,0.00,Dec'22,21/01/2023,Yes,,100%,,,,
27AAOFN7392N1Z9,NEXTGENT INFRATECH SOLUTIONS LLP,NXG/11/22/98,Regular,09/12/2022,256060.00,Delhi,No,18,217000.00,39060.00,0.00,0.00,0.00,Dec'22,21/01/2023,Yes,,100%,,,,
07AAACB2894G1ZP,Bharti Airtel Limited,HT2307I006093762,Regular,03/01/2023,590.00,Delhi,No,18,500.00,0.00,45.00,45.00,0.00,Jan'23,10/02/2023,Yes,,100%,E-Invoice,5cc6a3c48ab04ca25b632cafadc4704277a2294765197463487110a53a72acce,03/01/2023,
07AAACB2894G1ZP,Bharti Airtel Limited,HT2307I006128153,Regular,03/01/2023,209257.66,Delhi,No,18,177337.02,0.00,15960.32,15960.32,0.00,Jan'23,10/02/2023,Yes,,100%,E-Invoice,56542b3c4c44384cb55c25ec976e9b6b5704b4c4110411e1f0e5c9b97fb628ba,03/01/2023,
07AAACB2894G1ZP,Bharti Airtel Limited,HT2307I006685812,Regular,27/01/2023,1768.82,Delhi,No,18,1499.00,0.00,134.91,134.91,0.00,Jan'23,10/02/2023,Yes,,100%,E-Invoice,cc3c6ba3930150a88cda7bbed9a2a53c49f2a9127b482d8a18432095bdac3167,27/01/2023,shivam
29AFLPN6622D1ZB,IZAR TECNOLOGY SOLUTIONS,IZTS/172/2022-23,Regular,07/12/2022,20815.00,Delhi,No,18,17640.00,3175.20,0.00,0.00,0.00,Dec'22,19/01/2023,Yes,,100%,,,,
27AAACR2730D1ZU,NETCORE CLOUD PRIVATE LIMITED,221011585,Regular,18/01/2023,1003.00,Delhi,No,18,850.17,153.03,0.00,0.00,0.00,Jan'23,11/02/2023,Yes,,100%,,,,robin singh meena
27AAICC2895E1ZH,CFO BRIDGE SERVICES PRIVATE LIMITED,56/Jan/2022-23,Regular,28/01/2023,147500.00,Delhi,No,18,125000.00,22500.00,0.00,0.00,0.00,Jan'23,10/02/2023,Yes,,100%,E-Invoice,2e5d3257950e1966cbae0edf2fb85e4b1e058c8e96c2b6e615a2297ebe7c97df,28/01/2023,
09AAECP5323J2Z9,PACEX-E-SYSTEMS PVT.LTD.,UP/2022-23/33,Regular,01/12/2022,1416.00,Delhi,No,18,1200.00,216.00,0.00,0.00,0.00,Dec'22,09/02/2023,Yes,,100%,,,,
33AABCI2726B1Z9,INTERGLOBE AVIATION LIMITED,TN1222301BP60794,Regular,21/01/2023,7770.00,Delhi,No,5,7400.00,370.00,0.00,0.00,0.00,Jan'23,10/02/2023,Yes,,100%,,,,
09AALCS7084A1Z5,SICCES PRIVATE LIMITED,COM-2022-23/132,Regular,10/01/2023,31112.00,Delhi,No,18,26366.00,4745.88,0.00,0.00,0.00,Jan'23,10/02/2023,Yes,,100%,,,,
33AAACZ5230C1ZU,ZOHO TECHNOLOGIES PRIVATE LIMITED,102223197437,Regular,08/01/2023,32229.99,Delhi,No,18,27313.55,4916.44,0.00,0.00,0.00,Jan'23,11/02/2023,Yes,,100%,E-Invoice,0cc28dfc3dc3aa23510ccec630ca0174e375ddd8b62bf82c3e101f04113d6835,09/01/2023,
33AAACZ5230C1ZU,ZOHO TECHNOLOGIES PRIVATE LIMITED,102223197450,Regular,08/01/2023,55306.22,Delhi,No,18,46869.68,8436.54,0.00,0.00,0.00,Jan'23,11/02/2023,Yes,,100%,E-Invoice,93bf3525ce5ea7f8f76ca2b6afc334b719050335d99075d7d37bb89dc57b42e5,09/01/2023,
33AAACZ5230C1ZU,ZOHO TECHNOLOGIES PRIVATE LIMITED,102223197457,Regular,09/01/2023,4248.00,Delhi,No,18,3600.00,648.00,0.00,0.00,0.00,Jan'23,11/02/2023,Yes,,100%,E-Invoice,3ae7b718518dfd5ddfd160dcb7b189232b478df4177387aca7274ccc586b07d4,09/01/2023,
33AAACZ5230C1ZU,ZOHO TECHNOLOGIES PRIVATE LIMITED,102223202341,Regular,15/01/2023,1096.26,Delhi,No,18,929.03,167.23,0.00,0.00,0.00,Jan'23,11/02/2023,Yes,,100%,E-Invoice,7b88adf05ff630b6d9c62f74fdb2c9baf98db0465f9a013f23f334a8f881410b,16/01/2023,
33AAACZ5230C1ZU,ZOHO TECHNOLOGIES PRIVATE LIMITED,102223202698,Regular,16/01/2023,5310.00,Delhi,No,18,4500.00,810.00,0.00,0.00,0.00,Jan'23,11/02/2023,Yes,,100%,E-Invoice,5661c97bc69b76d317cb503f98bc4134690bf58496a5d046cf95b20d052a55fa,16/01/2023,
33AAACZ5230C1ZU,ZOHO TECHNOLOGIES PRIVATE LIMITED,102223205376,Regular,19/01/2023,3894.00,Delhi,No,18,3300.00,594.00,0.00,0.00,0.00,Jan'23,11/02/2023,Yes,,100%,E-Invoice,c10fb669461cbb37173945b3f5ba5a41ffd1336643c1f60060143d32fc608eab,19/01/2023,
07AAACB2100P1ZZ,VODAFONE IDEA LIMITED,EIDL122200176366,Regular,01/01/2023,63366.70,Delhi,No,18,53700.60,0.00,4833.05,4833.05,0.00,Jan'23,10/02/2023,Yes,,100%,E-Invoice,fd0d07e8c5c2e86c4a16dc4e5228959aac4f1b6c913f6111a764ae5334aea862,05/01/2023,
07AAACB2100P1ZZ,VODAFONE IDEA LIMITED,EIDL122200176383,Regular,01/01/2023,13272.64,Delhi,No,18,11248.00,0.00,1012.32,1012.32,0.00,Jan'23,10/02/2023,Yes,,100%,E-Invoice,4c7b15aed6fac9483041c8b94b975909225cd411eeb6d0aab63a6d13231273d9,04/01/2023,
07AAACB2100P1ZZ,VODAFONE IDEA LIMITED,EIDL122200176462,Regular,01/01/2023,472.00,Delhi,No,18,400.00,0.00,36.00,36.00,0.00,Jan'23,10/02/2023,Yes,,100%,E-Invoice,6f38b5a0cf89ba69026303bcbf5b2f1fdfa8ccf5925a3835ba9f82947f83f925,03/01/2023,
07AAACB2100P1ZZ,VODAFONE IDEA LIMITED,EIDL122200176781,Regular,01/01/2023,472.00,Delhi,No,18,400.00,0.00,36.00,36.00,0.00,Jan'23,10/02/2023,Yes,,100%,E-Invoice,159fb20d60708d7c1103a89865a864279865010dc58dbbc58cafd67a186c6838,03/01/2023,
07AAACB2100P1ZZ,VODAFONE IDEA LIMITED,EIDL122200177117,Regular,01/01/2023,1180.00,Delhi,No,18,1000.00,0.00,90.00,90.00,0.00,Jan'23,10/02/2023,Yes,,100%,E-Invoice,43dacf67316015b7461cbe56fc0a1e3a61de92bd6fd8df677dc5c0e77b2bcbd1,05/01/2023,
07AAACB2100P1ZZ,VODAFONE IDEA LIMITED,EIDL122200177120,Regular,01/01/2023,11800.00,Delhi,No,18,10000.00,0.00,900.00,900.00,0.00,Jan'23,10/02/2023,Yes,,100%,E-Invoice,4309ac1571a892dffa555142aa5a6db547599fd9b25196274ace0358a1894834,03/01/2023,
07AAACB2100P1ZZ,VODAFONE IDEA LIMITED,EIDL122200177387,Regular,01/01/2023,472.00,Delhi,No,18,400.00,0.00,36.00,36.00,0.00,Jan'23,10/02/2023,Yes,,100%,E-Invoice,14a3ebdd2f2ff31107944a3132e9881eb202f8b3e6619b369e55e75011b419fb,04/01/2023,
07AAACB2100P1ZZ,VODAFONE IDEA LIMITED,EIDL122200177395,Regular,01/01/2023,472.00,Delhi,No,18,400.00,0.00,36.00,36.00,0.00,Jan'23,10/02/2023,Yes,,100%,E-Invoice,06091d76c8e14dc9f5bc2c2d5b473661d5cf12ea9cc62592c812ec284205f977,04/01/2023,
07AAACB2100P1ZZ,VODAFONE IDEA LIMITED,EIDL122200177396,Regular,01/01/2023,472.00,Delhi,No,18,400.00,0.00,36.00,36.00,0.00,Jan'23,10/02/2023,Yes,,100%,E-Invoice,a178da8f6a80a9aae70f798956f1f612319fdaf4e048ac4a02b1def4bdde3eb9,04/01/2023,
07AAACB2100P1ZZ,VODAFONE IDEA LIMITED,EIDL122200177402,Regular,01/01/2023,472.00,Delhi,No,18,400.00,0.00,36.00,36.00,0.00,Jan'23,10/02/2023,Yes,,100%,E-Invoice,e53dc69a5ca14c088d0c901197e6461d5de75f2291c366eda7488e6787e6679c,04/01/2023,
07AAACB2100P1ZZ,VODAFONE IDEA LIMITED,EIDL122200177403,Regular,01/01/2023,472.00,Delhi,No,18,400.00,0.00,36.00,36.00,0.00,Jan'23,10/02/2023,Yes,,100%,E-Invoice,bbed9274f945e877a7c125aa3ca46c137f70c6c89ed6bc74006b7b500db9c7cb,04/01/2023,
07AAACB2100P1ZZ,VODAFONE IDEA LIMITED,EIDL122200177406,Regular,01/01/2023,472.00,Delhi,No,18,400.00,0.00,36.00,36.00,0.00,Jan'23,10/02/2023,Yes,,100%,E-Invoice,fd622d6c2442f9eb87ec54c3a1753a725aff17f19f622f569a94c59f49e63895,04/01/2023,
07AAACB2100P1ZZ,VODAFONE IDEA LIMITED,EIDL122200177408,Regular,01/01/2023,472.00,Delhi,No,18,400.00,0.00,36.00,36.00,0.00,Jan'23,10/02/2023,Yes,,100%,E-Invoice,a3fc82045e096c0c571d6b1d549efeab8b3773fd7b41d936d94dda5b83200a11,04/01/2023,
07AAACB2100P1ZZ,VODAFONE IDEA LIMITED,EIDL122200177409,Regular,01/01/2023,472.00,Delhi,No,18,400.00,0.00,36.00,36.00,0.00,Jan'23,10/02/2023,Yes,,100%,E-Invoice,f76549b2e1625e85851824692ff6edc6225ce61a48179327f88ca343968ff4da,04/01/2023,
07AAACB2100P1ZZ,VODAFONE IDEA LIMITED,EIDL122200177414,Regular,01/01/2023,472.00,Delhi,No,18,400.00,0.00,36.00,36.00,0.00,Jan'23,10/02/2023,Yes,,100%,E-Invoice,24fa9d2631b0c99f5e8ed7558d720362b8218b74109413635a25c4fb66fd23fc,04/01/2023,
07AAACB2100P1ZZ,VODAFONE IDEA LIMITED,EIDL122200177418,Regular,01/01/2023,472.00,Delhi,No,18,400.00,0.00,36.00,36.00,0.00,Jan'23,10/02/2023,Yes,,100%,E-Invoice,ce070365c858bc95005ab568a24ddc1ad56390d7ec97e776747db5441db27b5e,04/01/2023,
07AAACB2100P1ZZ,VODAFONE IDEA LIMITED,EIDL122200177420,Regular,01/01/2023,472.00,Delhi,No,18,400.00,0.00,36.00,36.00,0.00,Jan'23,10/02/2023,Yes,,100%,E-Invoice,f452ea5c5a3007a4e5bb083374b2dbc9273e67e6cd11e4332b84b7c2827fdb6e,04/01/2023,
07AAACB2100P1ZZ,VODAFONE IDEA LIMITED,EIDL122200177425,Regular,01/01/2023,472.00,Delhi,No,18,400.00,0.00,36.00,36.00,0.00,Jan'23,10/02/2023,Yes,,100%,E-Invoice,9255268d68f8907f97188040b248ed85d810b9351889d92017ada4337fe87bfa,04/01/2023,
07AAACB2100P1ZZ,VODAFONE IDEA LIMITED,EIDL122200177429,Regular,01/01/2023,472.00,Delhi,No,18,400.00,0.00,36.00,36.00,0.00,Jan'23,10/02/2023,Yes,,100%,E-Invoice,213b55545033ed571223e870926e5e9efc44fd0491b16de4db661ca1fd35000a,04/01/2023,
07AAACB2100P1ZZ,VODAFONE IDEA LIMITED,EIDL122200177432,Regular,01/01/2023,472.00,Delhi,No,18,400.00,0.00,36.00,36.00,0.00,Jan'23,10/02/2023,Yes,,100%,E-Invoice,da185844b6c01153bf8cc3c3d0f7e54bcee592651703c1ad05e8f30de77746a0,04/01/2023,
07AAACB2100P1ZZ,VODAFONE IDEA LIMITED,EIDL122200177435,Regular,01/01/2023,472.00,Delhi,No,18,400.00,0.00,36.00,36.00,0.00,Jan'23,10/02/2023,Yes,,100%,E-Invoice,e94938e3db5fbc54c3dea05247934bd5ba71543f51e3303d77f3e223c6a09564,04/01/2023,
07AAACB2100P1ZZ,VODAFONE IDEA LIMITED,EIDL122200177521,Regular,01/01/2023,472.00,Delhi,No,18,400.00,0.00,36.00,36.00,0.00,Jan'23,10/02/2023,Yes,,100%,E-Invoice,0e295585d5aaaed4dda40dc5deb24b9703426c47d285999eae061159f79e09a9,04/01/2023,
07AAACB2100P1ZZ,VODAFONE IDEA LIMITED,ESDL012300012773,Regular,01/01/2023,271881.88,Delhi,No,18,230408.40,0.00,20736.74,20736.74,0.00,Jan'23,10/02/2023,Yes,,100%,E-Invoice,265d0e13a641ab5253e63fabae3cbb7b553bca964bbcd2d6830f5c6cab956cd7,04/01/2023,
07AAPCS9575E1ZP,DELHIVERY LIMITED,EPA23286819,Regular,15/01/2023,109.64,Delhi,No,18,92.92,0.00,8.36,8.36,0.00,Jan'23,10/02/2023,Yes,,100%,,,,
07AAPCS9575E1ZP,DELHIVERY LIMITED,EPA23292109,Regular,31/01/2023,166.27,Delhi,No,18,140.91,0.00,12.68,12.68,0.00,Jan'23,10/02/2023,Yes,,100%,,,,
24AAMCA2213N1ZQ,Appitsimple Infotek Private Limited,AI222301500781,Regular,31/01/2023,236000.00,Delhi,No,18,200000.00,36000.00,0.00,0.00,0.00,Jan'23,09/02/2023,Yes,,100%,E-Invoice,8074c0d9793502de4c3b0024ee4b68dd05d3b90b0c4ef6a7fd031b7600dd84a4,08/02/2023,
06AACCG0527D1Z8,GOOGLE INDIA PVT LTD,4653469559,Regular,31/01/2023,4708.20,Delhi,No,18,3990.00,718.20,0.00,0.00,0.00,Jan'23,11/02/2023,Yes,,100%,,,,
06AACCG0527D1Z8,GOOGLE INDIA PVT LTD,4654256689,Regular,31/01/2023,589.76,Delhi,No,18,499.80,89.96,0.00,0.00,0.00,Jan'23,11/02/2023,Yes,,100%,,,,
06AACCG0527D1Z8,GOOGLE INDIA PVT LTD,4661177752,Regular,31/01/2023,275088.67,Delhi,No,18,233125.99,41962.68,0.00,0.00,0.00,Jan'23,11/02/2023,Yes,,100%,,,,
07AACCR7832C1ZJ,Reliance Communications Ltd.,DL28000268496,Regular,15/01/2023,1180.00,Delhi,No,18,1000.00,0.00,90.00,90.00,0.00,Jan'23,08/02/2023,Yes,,100%,E-Invoice,84c4be1b1c6c70604f10c001e92cdbf3e8f5362390220b0665778c45082ca7e2,17/01/2023,
07AACCR7832C1ZJ,Reliance Communications Ltd.,DL28000268505,Regular,15/01/2023,5900.00,Delhi,No,18,5000.00,0.00,450.00,450.00,0.00,Jan'23,08/02/2023,Yes,,100%,E-Invoice,6a4b2decf6facebf401df3ccd53a519ecc40d3aed11ec677ac376c95e26795a2,17/01/2023,
07AAICP2066N1Z0,PROTECHMIND SOLUTIONS PRIVATE LIMITED,FY22/23-252,Regular,03/01/2023,330144.70,Delhi,No,0,0.00,0.00,0.00,0.00,0.00,Jan'23,10/02/2023,Yes,,100%,,,,
07AAICP2066N1Z0,PROTECHMIND SOLUTIONS PRIVATE LIMITED,FY22/23-252,Regular,03/01/2023,330144.70,Delhi,No,18,279783.64,0.00,25180.53,25180.53,0.00,Jan'23,10/02/2023,Yes,,100%,,,,
24AAVPV4502D1ZM,NISHI TELECOMM,GST/2223/074,Regular,08/12/2022,271.00,Delhi,No,18,230.00,41.40,0.00,0.00,0.00,Dec'22,13/01/2023,Yes,,100%,,,,
07AAACZ8912H1Z4,91 SPRINGBOARD BUSINESS HUB PRIVATE LIMITED,RI-NP-4982,Regular,05/01/2023,501.50,Delhi,No,18,425.00,0.00,38.25,38.25,0.00,Jan'23,10/02/2023,Yes,,100%,E-Invoice,50b52e3d360c91ba2f8a4af78ede943c176ff7d56c0782eec1bd5bfa6e73af9e,06/01/2023,
07AAACZ8912H1Z4,91 SPRINGBOARD BUSINESS HUB PRIVATE LIMITED,RI-NP-4983,Regular,05/01/2023,16815.00,Delhi,No,18,14250.00,0.00,1282.50,1282.50,0.00,Jan'23,10/02/2023,Yes,,100%,E-Invoice,76ba2d5e64b3cc0fa106a3c28d8ff10082e376d94b4fb1cd41bbd5f9bde2ba14,06/01/2023,
07AAACZ8912H1Z4,91 SPRINGBOARD BUSINESS HUB PRIVATE LIMITED,RI-NP-4996,Regular,16/01/2023,32543.00,Delhi,No,18,27579.00,0.00,2482.11,2482.11,0.00,Jan'23,10/02/2023,Yes,,100%,E-Invoice,76431e21226b481d4f58b5e170ab8c365ccf3c07093cdd6355bde0be852d2ca6,19/01/2023,
29AAGCR4375J1ZU,RAZORPAY SOFTWARE PRIVATE LIMITED,74ZF9WDSBCPO0123,Regular,31/01/2023,27640.02,Delhi,No,18,23261.90,4187.14,0.00,0.00,0.00,Jan'23,11/02/2023,Yes,,100%,,,,
19AABCI2726B1ZZ,INTER GLOBE AVIATION LTD.,WB1222301BC99312,Regular,20/01/2023,9030.00,Delhi,No,5,8600.00,430.00,0.00,0.00,0.00,Jan'23,10/02/2023,Yes,,100%,,,,
19AABCI2726B1ZZ,INTER GLOBE AVIATION LTD.,WB1222301BD79323,Regular,28/01/2023,699.00,Delhi,No,5,666.00,33.00,0.00,0.00,0.00,Jan'23,10/02/2023,Yes,,100%,,,,
24AAICP0219P1Z9,Phonon Communications Private Limited,2223GJV392,Regular,11/01/2023,100606.00,Delhi,No,18,85259.00,15346.62,0.00,0.00,0.00,Jan'23,11/02/2023,Yes,,100%,E-Invoice,7208a4f6cc4077ca0310e096b8a07ec3484ce99fdf2b16ec5474e7cb55f29bd7,11/01/2023,
07AAACM0828R1Z5,MAHANAGAR TELEPHONE NIGAM LTD,M800112018022930,Regular,10/01/2023,1180.00,Delhi,No,18,1000.00,0.00,90.00,90.00,0.00,Jan'23,10/02/2023,Yes,,100%,,,,
07AAACM0828R1Z5,MAHANAGAR TELEPHONE NIGAM LTD,M800112018022931,Regular,10/01/2023,1180.00,Delhi,No,18,1000.00,0.00,90.00,90.00,0.00,Jan'23,10/02/2023,Yes,,100%,,,,
07AAACM0828R1Z5,MAHANAGAR TELEPHONE NIGAM LTD,M800112018023142,Regular,10/01/2023,1180.00,Delhi,No,18,1000.00,0.00,90.00,90.00,0.00,Jan'23,10/02/2023,Yes,,100%,,,,
07AAACM0828R1Z5,MAHANAGAR TELEPHONE NIGAM LTD,M800112018023346,Regular,10/01/2023,1525.98,Delhi,No,18,1293.20,0.00,116.39,116.39,0.00,Jan'23,10/02/2023,Yes,,100%,,,,
07AANCS4967N1ZE,STT GLOBAL DATA CENTRES INDia PRIVATE LIMITED,TX0722005302,Regular,11/01/2023,26550.00,Delhi,No,18,22500.00,0.00,2025.00,2025.00,0.00,Jan'23,09/02/2023,Yes,,100%,,,,
07AANCS4967N1ZE,STT GLOBAL DATA CENTRES INDia PRIVATE LIMITED,TX0722005504,Regular,17/01/2023,118878.42,Delhi,No,18,100744.42,0.00,9067.00,9067.00,0.00,Jan'23,09/02/2023,Yes,,100%,,,,
33AVIPM3450H1ZP,SPINTA DIGITAL SOLUTIONS,INV-1438,Regular,07/12/2022,2148.00,Delhi,No,18,1820.00,327.60,0.00,0.00,0.00,Dec'22,24/01/2023,Yes,,100%,,,,
07AAACT2438A1ZV,TATA TELESERVICES LIMITED,3473107505,Regular,03/01/2023,32450.00,Delhi,No,18,27500.00,0.00,2475.00,2475.00,0.00,Jan'23,10/02/2023,Yes,,100%,,,,
07AAACT2438A1ZV,TATA TELESERVICES LIMITED,3473108438,Regular,03/01/2023,66375.00,Delhi,No,18,56250.00,0.00,5062.50,5062.50,0.00,Jan'23,10/02/2023,Yes,,100%,,,,
07AAACT2438A1ZV,TATA TELESERVICES LIMITED,3473109071,Regular,03/01/2023,413609.48,Delhi,No,18,350516.50,0.00,31546.49,31546.49,0.00,Jan'23,10/02/2023,Yes,,100%,,,,
09AAGCK5886M1ZN,Keyword India Network Private Limited,KIPL/22-23/814,Regular,01/01/2023,5959.00,Delhi,No,18,5050.00,909.00,0.00,0.00,0.00,Jan'23,09/02/2023,Yes,,100%,,,,
23AAACW9768L1ZO,WALKOVER WEB SOLUTIONS PRIVATE LIMITED,230103-87,Regular,03/01/2023,1202641.00,Delhi,No,18,1019187.45,183453.74,0.00,0.00,0.00,Jan'23,10/02/2023,Yes,,100%,E-Invoice,cfda6b290300779ffc18c5bfd2598ab3639f464b7f0bf8b51c2648ef352b2a35,17/01/2023,
29AAACI7904G1ZJ,ICICI LOMBARD GENERAL INSURANCE CO LTD,1001231506934,Regular,18/01/2023,5745.42,Delhi,No,18,4869.00,876.42,0.00,0.00,0.00,Jan'23,11/02/2023,Yes,,100%,,,,
29AAACI7904G1ZJ,ICICI LOMBARD GENERAL INSURANCE CO LTD,1001232977378,Regular,31/01/2023,2035.50,Delhi,No,18,1725.00,310.50,0.00,0.00,0.00,Jan'23,11/02/2023,Yes,,100%,,,,
29AAACI7904G1ZJ,ICICI LOMBARD GENERAL INSURANCE CO LTD,100123558145,Regular,10/01/2023,3950.64,Delhi,No,18,3348.00,602.64,0.00,0.00,0.00,Jan'23,11/02/2023,Yes,,100%,,,,
29AAACI7904G1ZJ,ICICI LOMBARD GENERAL INSURANCE CO LTD,100123701068,Regular,11/01/2023,4155.96,Delhi,No,18,3522.00,633.96,0.00,0.00,0.00,Jan'23,11/02/2023,Yes,,100%,,,,
09AAICP6434E1ZB,PROMOTION PARADISE PRIVATE LIMITED,178,Regular,09/01/2023,1628.00,Delhi,No,18,1380.00,248.40,0.00,0.00,0.00,Jan'23,10/02/2023,Yes,,100%,,,,
07AAFCV7955H1ZU,VOICETREE COMMUNICATIONS PRIVATE LIMITED,VC0123-0001,Regular,31/01/2023,1470107.34,Delhi,No,18,1245853.66,0.00,112126.83,112126.83,0.00,Jan'23,10/02/2023,Yes,,100%,,,,
07AKCPR1666B2ZC,BR COMMUNICATION,GST202207,Regular,15/10/2022,354.00,Delhi,No,18,300.00,0.00,27.00,27.00,0.00,Dec'22,17/01/2023,Yes,,100%,,,,
07AKCPR1666B2ZC,BR COMMUNICATION,GST202208,Regular,09/11/2022,354.00,Delhi,No,18,300.00,0.00,27.00,27.00,0.00,Dec'22,17/01/2023,Yes,,100%,,,,
27AACCC6016B1Z8,CLEARTRIP PRIVATE LIMITED,I/MH/13349062,Regular,07/01/2023,298.89,Delhi,No,18,253.30,45.59,0.00,0.00,0.00,Jan'23,11/02/2023,Yes,,100%,E-Invoice,c464cdfd6a2f5b6ffd2c46f291bd3880dd9586b672ad36e0f309d42b46ddff6f,04/02/2023,
27AACCC6016B1Z8,CLEARTRIP PRIVATE LIMITED,I/MH/13349309,Regular,07/01/2023,298.89,Delhi,No,18,253.30,45.59,0.00,0.00,0.00,Jan'23,11/02/2023,Yes,,100%,E-Invoice,72c1dda7211ee9232efb77beffe02c0fecdc2787a619371ff2998b572577fd10,04/02/2023,
27AACCC6016B1Z8,CLEARTRIP PRIVATE LIMITED,I/MH/13703323,Regular,21/01/2023,298.89,Delhi,No,18,253.30,45.59,0.00,0.00,0.00,Jan'23,11/02/2023,Yes,,100%,E-Invoice,fb65204dbba67e7ecb4931f4f378a26324baec829addc4b6b6bd58d25ea08808,04/02/2023,
06AAICP1675P2ZS,Premium Lifestyle and Fashion India Private Limited,GGNTI/2223/10633,Regular,08/01/2023,3800.00,Delhi,No,18,3220.34,579.66,0.00,0.00,0.00,Jan'23,11/02/2023,Yes,,100%,,,,
07AARCS3435P1ZL,SGC MANAGEMENT SERVICES PRIVATE LIMITED,2022-23/2794,Regular,05/01/2023,16815.00,Delhi,No,18,14250.00,0.00,1282.50,1282.50,0.00,Jan'23,10/02/2023,Yes,,100%,,,,
07ABCCS0473R2ZT,SUREPASS TECHNOLOGIES PRIVATE LIMITED,INV-070123002,Regular,07/01/2023,59000.00,Delhi,No,18,50000.00,0.00,4500.00,4500.00,0.00,Jan'23,11/02/2023,Yes,,100%,,,,
08ABFCS2344L1Z3,DEEPCALL INDIA PRIVATE LIMITED,SD/22-23/JAN/19,Regular,04/01/2023,18190.00,Delhi,No,18,15415.14,2774.73,0.00,0.00,0.00,Jan'23,10/02/2023,Yes,,100%,,,,
08ABFCS2344L1Z3,DEEPCALL INDIA PRIVATE LIMITED,SD/22-23/JAN/96,Regular,19/01/2023,59000.00,Delhi,No,18,50000.00,9000.00,0.00,0.00,0.00,Jan'23,10/02/2023,Yes,,100%,,,,
33DAOPS0682B2ZO,ALL IS WELL,16/22-23,Regular,10/01/2023,1628.00,Delhi,No,18,1380.00,248.40,0.00,0.00,0.00,Jan'23,10/02/2023,Yes,,100%,,,,
29AAECC0622P1ZH,CLOOD ON LEARNING PRIVATE LIMITED,CIL/2022-23/316,Regular,10/01/2023,23600.00,Delhi,No,18,20000.00,3600.00,0.00,0.00,0.00,Jan'23,09/02/2023,Yes,,100%,,,,
03AAHFH7698N1ZN,HYPE CREATIONZ,885,Regular,10/01/2023,11086.00,Delhi,No,18,9395.00,1691.10,0.00,0.00,0.00,Jan'23,09/02/2023,Yes,,100%,,,,
06AACCF1978M1Z9,FLUID3 INFOTECH PRIVATE LIMITED,FLU/22-23/10-121,Regular,07/12/2022,14160.00,Delhi,No,18,12000.00,2160.00,0.00,0.00,0.00,Dec'22,14/01/2023,Yes,,100%,,,,
06AACCF1420G1Z9,FELIX ADVISORY PRIVATE LIMITED,FE/2022-23/01773,Regular,09/01/2023,17700.00,Delhi,No,18,15000.00,2700.00,0.00,0.00,0.00,Jan'23,08/02/2023,Yes,,100%,E-Invoice,ace6d49a4c512d92d0094f2fd93d858999ea4bd2654e8d015038b17384827b9f,14/01/2023,
07AAECT8346F1Z6,TATA SIA AIRLINES LIMITED,I070000013341836,Regular,09/01/2023,4200.00,Delhi,No,5,4000.00,0.00,100.00,100.00,0.00,Jan'23,11/02/2023,Yes,,100%,,,,
07AAFCT4662B1ZI,TYCHO TECHNOLOGIES PRIVATE LIMITED,INV-000252,Regular,09/01/2023,51920.00,Delhi,No,18,44000.00,0.00,3960.00,3960.00,0.00,Jan'23,11/02/2023,Yes,,100%,,,,
27AALCS9822Q1ZC,SODEXO SVC INDIA PRIVATE LIMITED,2223CI0000771120,Regular,07/01/2023,232.59,Delhi,No,18,197.11,35.48,0.00,0.00,0.00,Jan'23,10/02/2023,Yes,,100%,E-Invoice,a55cb7a6db56e9dbe906c5bfba9484a96e06916b4ee260c5fecda699906daad4,07/01/2023,
06AAACM5586C1ZL,Microsoft Corporation (India) Pvt Ltd,TIO23HR100944762,Regular,23/01/2023,2427.52,Delhi,No,18,2057.22,370.30,0.00,0.00,0.00,Jan'23,11/02/2023,Yes,,100%,,,,
24AAUFV8595R1ZM,VR4CREATIVITY TECH LLP,00017/22-23,Regular,05/01/2023,11328.00,Delhi,No,18,9600.00,1728.00,0.00,0.00,0.00,Jan'23,11/02/2023,Yes,,100%,,,,
08IDZPS7757A1ZK,BHAVYA IT SOLUTIONS,BITS-22-23-SRV11,Regular,10/01/2023,2124.00,Delhi,No,18,1800.00,324.00,0.00,0.00,0.00,Jan'23,13/02/2023,Yes,,100%,,,,
29AWXPK4541M1ZM,BRIDGEICON IT SERVICES,FY2022-23-01-229,Regular,20/01/2023,11522.00,Delhi,No,18,9764.00,1757.52,0.00,0.00,0.00,Jan'23,08/02/2023,Yes,,100%,,,,
,,,,,,,,,,,,,,,,,,,,,,
,,,,,,,,,6645823.14,518511.18,337525.01,337525.01,0.00,,,,,,,,,
,,,,,,,,,,,,,,,,,,,,,,
,,,,,,,,,,,,,,,,,,,,,,
,,,,,,,,,,,protechmind,,,,,,,,,,,
,,,,,,,,,,,jmr infosystem chp,,,,,,,,,,,
,,,,,,,,,,,,,,,,,,,,,,
,,,,,,,,,,,,,,,,,,,,,,
,,,,,,,,,,,,,,,,,,,,,,
,,,,,,,,,,,,,,,,,,,,,,
,,,,,,,,,,,295702.91,,,,,,,,,,,
,,,,,,,,,,,319600.74,,,,,,,,,,,
,,,,,,,,,,,23897.83,,,,,,,,,,,
